,Words,Count
0,iphone14pro,1499
1,iphone,804
2,apple,514
3,14,395
4,pro,310
5,help,283
6,iphone14promax,273
7,‚Äô,228
8,new,204
9,appleevent,176
10,iphone14,175
11,ios16,172
12,someone,142
13,dynamic,137
14,essay,136
15,island,131
16,us,109
17,available,109
18,need,102
19,dynamicisland,97
20,dm,85
21,queenelizabeth,84
22,iphone14plus,81
23,max,79
24,get,78
25,iphone14series,77
26,pay,76
27,uk,76
28,asuustrike,74
29,ios,73
30,phone,72
31,due,72
32,buy,72
33,download,70
34,science,69
35,fall,68
36,classes,68
37,thesis,68
38,math,68
39,biology,68
40,geography,68
41,assignments,68
42,write,68
43,homework,68
44,cc,66
45,android,64
46,asu,64
47,thebbmafrica,63
48,anatomy,63
49,trigonometry,63
50,organic,63
51,chemistry,63
52,physics,63
53,jjcskillz,61
54,denrele,61
55,like,60
56,price,59
57,mobile,58
58,wallpaper,57
59,camera,53
60,series,53
61,one,52
62,wallpapers,49
63,see,48
64,300hoursrealityexperience,45
65,features,43
66,13,42
67,case,41
68,india,41
69,best,40
70,16,39
71,video,39
72,watch,39
73,link,39
74,go,38
75,alphabetaexposed,38
76,know,38
77,sociology,38
78,upgrade,38
79,preorder,38
80,year,38
81,samsung,38
82,via,36
83,iphones,36
84,feature,35
85,blessingceo,34
86,wait,34
87,üòç,34
88,iphonewallpaper,33
89,look,32
90,display,31
91,screen,30
92,still,30
93,purple,30
94,day,30
95,good,29
96,iphone13,29
97,design,29
98,smartphone,29
99,would,28
100,going,27
101,order,27
102,1,27
103,officialblessingceo,27
104,got,26
105,really,26
106,think,26
107,people,26
108,iphone13promax,26
109,free,25
110,getting,25
111,please,25
112,earthquake,25
113,technology,25
114,appleevent2022,25
115,sociolog,25
116,battery,24
117,calmdown,24
118,make,24
119,want,23
120,better,23
121,news,23
122,time,23
123,dont,23
124,amazing,23
125,work,23
126,iphone13pro,23
127,every,23
128,first,23
129,update,23
130,‚Ä¢,23
131,love,22
132,well,22
133,follow,22
134,black,22
135,always,22
136,5,22
137,deserve,22
138,üõë,22
139,way,21
140,game,21
141,amazon,21
142,space,21
143,üòÇ,20
144,check,20
145,‚Äú,20
146,already,20
147,world,20
148,3,20
149,something,20
150,gold,20
151,esim,19
152,next,19
153,use,19
154,also,19
155,big,19
156,na,19
157,üòäü´∂üèº,19
158,users,19
159,take,18
160,friday,18
161,looks,18
162,models,18
163,apples,18
164,long,18
165,ordered,18
166,‚Äù,18
167,xiaomi,18
168,kidney,18
169,beautiful,18
170,gift,18
171,bear,18
172,blacktwitter,18
173,notch,17
174,phones,17
175,12,17
176,smartphones,17
177,applewatchultra,17
178,iphonex,17
179,mind,17
180,ultra,17
181,2,16
182,keep,16
183,even,16
184,great,16
185,finally,16
186,today,16
187,cant,16
188,store,16
189,app,16
190,im,16
191,iphone12,16
192,5g,16
193,tech,16
194,three,16
195,10,16
196,excited,15
197,purchase,15
198,looking,15
199,full,15
